,precision,recall,f1-score,support
0,0.8125,0.7358490566037735,0.7722772277227722,53.0
1,0.8108108108108109,0.8695652173913043,0.8391608391608392,69.0
accuracy,0.8114754098360656,0.8114754098360656,0.8114754098360656,0.8114754098360656
macro avg,0.8116554054054055,0.8027071369975389,0.8057190334418056,122.0
weighted avg,0.8115446389011963,0.8114754098360656,0.8101048440279084,122.0
